<?xml version="1.0" encoding="UTF-8"?>
<switchyard xmlns="urn:switchyard-config:switchyard:1.0" xmlns:bean="urn:switchyard-component-bean:config:1.0" xmlns:camel="urn:switchyard-component-camel:config:1.0" xmlns:jca="urn:switchyard-component-jca:config:1.0" xmlns:jms="urn:switchyard-component-camel-jms:config:1.0" xmlns:sca="http://docs.oasis-open.org/ns/opencsa/sca/200912" xmlns:soap="urn:switchyard-component-soap:config:1.0" xmlns:transform="urn:switchyard-config:transform:1.0" name="lab2" targetNamespace="urn:lab2:1.0">
  <sca:composite name="lab2" targetNamespace="urn:lab2:1.0">
    <sca:component name="QualificationServiceBean">
      <bean:implementation.bean class="mortgages.QualificationServiceBean"/>
      <sca:service name="QualificationService">
        <sca:interface.java interface="mortgages.QualificationService"/>
      </sca:service>
      <sca:property value="${prop.creditTerms}" name="creditTerms"/>
      <sca:reference name="Audit">
        <sca:interface.java interface="mortgages.Audit"/>
      </sca:reference>
    </sca:component>
    <sca:reference name="Audit" multiplicity="0..1" promote="QualificationServiceBean/Audit">
      <interface.esb inputType="json:Applicant"/>
    </sca:reference>
    <sca:service name="QualificationService" promote="QualificationServiceBean/QualificationService">
      <sca:interface.wsdl interface="QualificationService.wsdl#wsdl.porttype(QualificationServicePortType)"/>
    </sca:service>
  </sca:composite>
  <transforms>
      <transform:transform.smooks from="java:mortgages.Applicant" to="{urn:lab2:1.0}applicant" type="JAVA2XML" config="Applicant_XML.xml"/>
    </transforms>
  <domain>
    <handlers/>
  </domain>
</switchyard>