<?xml version="1.0"?>
<configuration xmlns="urn:hornetq" xmlns:xsi="http://www.w3.org/2001/XMLSchema-instance" xsi:schemaLocation="urn:hornetq /schema/hornetq-jms.xsd">
  <queue name="quickstart_transform_pojo_gw">
    <entry name="queue/quickstart_transform_pojo_gw"/>
  </queue>
  <queue name="quickstart_transform_pojo_esb">
    <entry name="queue/quickstart_transform_pojo_esb"/>
  </queue>
  <queue name="quickstart_simple_transformation_Response">
    <entry name="queue/quickstart_simple_transformation_Response"/>
  </queue>
</configuration>
