<?xml version='1.0' encoding='UTF-8'?>
<smooks-resource-list xmlns="http://www.milyn.org/xsd/smooks-1.1.xsd"
                      xmlns:jb="http://www.milyn.org/xsd/smooks/javabean-1.2.xsd">


    <!-- Populate the OrderItem list -->
    <jb:bean beanId="order" class="org.jboss.soa.esb.dvdstore.Order" createOnElement="/Order">
        <jb:wiring beanIdRef="orderHeader" property="header" />
        <jb:wiring beanIdRef="customer" property="customer" />
        <jb:wiring beanIdRef="orderItemList" property="items" />
    </jb:bean>

    <!-- Populate the OrderHeader -->
    <jb:bean beanId="orderHeader" class="org.jboss.soa.esb.dvdstore.OrderHeader" createOnElement="/Order">
        <jb:value property="orderId"     data="/Order/@orderId" />
        <jb:value property="orderDate"   data="/Order/@orderDate" decoder="Calendar">
            <jb:decodeParam name="format">EEE MMM dd HH:mm:ss z yyyy</jb:decodeParam>
			<jb:decodeParam name="locale-language">en</jb:decodeParam>
            <jb:decodeParam name="locale-country">US</jb:decodeParam> 
        </jb:value>
        <jb:value property="statusCode"  data="/Order/@statusCode" />
        <jb:value property="netAmount"   data="/Order/@netAmount" />
        <jb:value property="totalAmount" data="/Order/@totalAmount" />
        <jb:value property="tax"         data="/Order/@tax" />
    </jb:bean>
    
    <!-- Populate the Customer -->
	<jb:bean beanId="customer" class="org.jboss.soa.esb.dvdstore.Customer" createOnElement="/Order/Customer">
	    <jb:value property="userName"  data="/Order/Customer/@userName" />
	    <jb:value property="firstName" data="/Order/Customer/@firstName" />
	    <jb:value property="lastName"  data="/Order/Customer/@lastName" />
	    <jb:value property="state"     data="/Order/Customer/@state" />
	</jb:bean>
	
	<!-- Populate the OrderItem list -->
	<jb:bean beanId="orderItemList" class="java.util.ArrayList" createOnElement="/Order/OrderLines">
	    <jb:wiring beanIdRef="orderItem" />
	</jb:bean>
	
	<!-- Populate the OrderItem instance -->
	<jb:bean beanId="orderItem" class="org.jboss.soa.esb.dvdstore.OrderItem" createOnElement="/Order/OrderLines/OrderLine">
	    <jb:value property="position"  data="/Order/OrderLines/OrderLine/@position" />
	    <jb:value property="quantity"  data="/Order/OrderLines/OrderLine/@quantity" />
	    <jb:value property="productId" data="/Order/OrderLines/OrderLine/Product/@productId" />
	    <jb:value property="title"     data="/Order/OrderLines/OrderLine/Product/@title" />
	    <jb:value property="price"     data="/Order/OrderLines/OrderLine/Product/@price" />
	</jb:bean>
	
</smooks-resource-list>
