<?xml version="1.0" encoding="UTF-8"?>

<process-diagram name="processDefinition2" width="744" height="728">
  <node name="start" x="29" y="19" width="140" height="40">
    <transition name="">
      <label x="5" y="-10"/>
    </transition>
  </node>
  <node name="node1" x="132" y="99" width="140" height="40">
    <transition name="">
      <label x="5" y="-10"/>
    </transition>
  </node>
  <node name="node2" x="38" y="172" width="140" height="40">
    <transition name="">
      <label x="5" y="-10"/>
    </transition>
  </node>
  <node name="node3" x="183" y="247" width="140" height="40">
    <transition name="">
      <label x="5" y="-10"/>
    </transition>
  </node>
  <node name="end1" x="46" y="415" width="140" height="40"/>
  <node name="Send Results" x="45" y="322" width="140" height="40">
    <transition name="">
      <label x="5" y="-10"/>
    </transition>
  </node>
</process-diagram>
