<?xml version="1.0" encoding="UTF-8"?>
<switchyard xmlns="urn:switchyard-config:switchyard:1.0" xmlns:camel="urn:switchyard-component-camel:config:1.0" xmlns:camel_1="urn:switchyard-component-camel-core:config:1.0" xmlns:ftp="urn:switchyard-component-camel-ftp:config:1.0" xmlns:jms="urn:switchyard-component-camel-jms:config:1.0" xmlns:sca="http://docs.oasis-open.org/ns/opencsa/sca/200912" name="soa6_gateways_routers" targetNamespace="urn:org.switchyard.migration:soa6_gateways_routers:1.0">
  <sca:composite name="soa6_gateways_routers" targetNamespace="urn:org.switchyard.migration:soa6_gateways_routers:1.0">
    <sca:component name="Route">
      <camel:implementation.camel>
        <camel:xml path="route.xml"/>
      </camel:implementation.camel>
      <sca:service name="SimpleService">
        <sca:interface.java interface="org.switchyard.migration.gatewaysrouters.SimpleService"/>
      </sca:service>
      <sca:reference name="PrintService">
        <sca:interface.java interface="org.switchyard.migration.gatewaysrouters.PrintService"/>
      </sca:reference>
    </sca:component>
    <sca:service name="SimpleService" promote="Route/SimpleService">
      <sca:interface.java interface="org.switchyard.migration.gatewaysrouters.SimpleService"/>
      <ftp:binding.ftp>
        <ftp:contextMapper/>
        <ftp:directory>/tmp/input</ftp:directory>
        <ftp:fileName>ftpin.dat</ftp:fileName>
        <ftp:host>localhost</ftp:host>
        <ftp:username>lab11</ftp:username>
        <ftp:password>lab11</ftp:password>
        <ftp:consume>
          <ftp:delete>true</ftp:delete>
        </ftp:consume>
      </ftp:binding.ftp>
      <camel_1:binding.uri configURI="file:///tmp/input?fileName=filein.dat">
        <camel_1:contextMapper/>
      </camel_1:binding.uri>
    </sca:service>
    <sca:reference name="PrintService" multiplicity="0..1" promote="Route/PrintService">
      <sca:interface.java interface="org.switchyard.migration.gatewaysrouters.PrintService"/>
      <jms:binding.jms>
        <jms:queue>quickstart_jms_router_Request_gw</jms:queue>
        <jms:connectionFactory>#ConnectionFactory</jms:connectionFactory>
      </jms:binding.jms>
    </sca:reference>
  </sca:composite>
</switchyard>