<?xml version="1.0"?>
<jbossesb-deployment>
  <jmsQueue>quickstart_bpm_orchestration1_service1_Request_esb</jmsQueue>
  <jmsQueue>quickstart_bpm_orchestration1_service1_Request_esb_reply</jmsQueue>
  <jmsQueue>quickstart_bpm_orchestration1_service2_Request_esb</jmsQueue>
  <jmsQueue>quickstart_bpm_orchestration1_service2_Request_esb_reply</jmsQueue>
  <jmsQueue>quickstart_bpm_orchestration1_service3_Request_esb</jmsQueue>
  <jmsQueue>quickstart_bpm_orchestration1_service3_Request_esb_reply</jmsQueue>
  <jmsQueue>quickstart_bpm_orchestration1_results_Request_esb</jmsQueue>
  <jmsQueue>quickstart_bpm_orchestration1_results_Request_esb_reply</jmsQueue>
  <depends>jboss.esb:deployment=jbpm.esb</depends>
</jbossesb-deployment>
