<?xml version="1.0" encoding="UTF-8"?>
<server>
  <mbean code="org.jboss.jms.server.destination.QueueService"
    name="jboss.esb.quickstart.destination:service=Queue,name=quickstart_bpm_orchestration1_service1_Request_esb"
    xmbean-dd="xmdesc/Queue-xmbean.xml">
    <depends optional-attribute-name="ServerPeer">jboss.messaging:service=ServerPeer</depends>
  </mbean>
  <mbean code="org.jboss.jms.server.destination.QueueService"
    name="jboss.esb.quickstart.destination:service=Queue,name=quickstart_bpm_orchestration1_service1_Request_esb_reply"
    xmbean-dd="xmdesc/Queue-xmbean.xml">
    <depends optional-attribute-name="ServerPeer">jboss.messaging:service=ServerPeer</depends>
  </mbean>

  <mbean code="org.jboss.jms.server.destination.QueueService"
    name="jboss.esb.quickstart.destination:service=Queue,name=quickstart_bpm_orchestration1_service2_Request_esb"
    xmbean-dd="xmdesc/Queue-xmbean.xml">
    <depends optional-attribute-name="ServerPeer">jboss.messaging:service=ServerPeer</depends>
  </mbean>
  <mbean code="org.jboss.jms.server.destination.QueueService"
    name="jboss.esb.quickstart.destination:service=Queue,name=quickstart_bpm_orchestration1_service2_Request_esb_reply"
    xmbean-dd="xmdesc/Queue-xmbean.xml">
    <depends optional-attribute-name="ServerPeer">jboss.messaging:service=ServerPeer</depends>
  </mbean>

 <mbean code="org.jboss.jms.server.destination.QueueService"
    name="jboss.esb.quickstart.destination:service=Queue,name=quickstart_bpm_orchestration1_service3_Request_esb"
    xmbean-dd="xmdesc/Queue-xmbean.xml">
    <depends optional-attribute-name="ServerPeer">jboss.messaging:service=ServerPeer</depends>
  </mbean>
  <mbean code="org.jboss.jms.server.destination.QueueService"
    name="jboss.esb.quickstart.destination:service=Queue,name=quickstart_bpm_orchestration1_service3_Request_esb_reply"
    xmbean-dd="xmdesc/Queue-xmbean.xml">
    <depends optional-attribute-name="ServerPeer">jboss.messaging:service=ServerPeer</depends>
  </mbean>
  
  <mbean code="org.jboss.jms.server.destination.QueueService"
    name="jboss.esb.quickstart.destination:service=Queue,name=quickstart_bpm_orchestration1_results_Request_esb"
    xmbean-dd="xmdesc/Queue-xmbean.xml">
    <depends optional-attribute-name="ServerPeer">jboss.messaging:service=ServerPeer</depends>
  </mbean>
  <mbean code="org.jboss.jms.server.destination.QueueService"
    name="jboss.esb.quickstart.destination:service=Queue,name=quickstart_bpm_orchestration1_results_Request_esb_reply"
    xmbean-dd="xmdesc/Queue-xmbean.xml">
    <depends optional-attribute-name="ServerPeer">jboss.messaging:service=ServerPeer</depends>
  </mbean>
</server>
