<?xml version="1.0" encoding="UTF-8"?>
<switchyard xmlns="urn:switchyard-config:switchyard:1.0" xmlns:bean="urn:switchyard-component-bean:config:1.0" xmlns:camel="urn:switchyard-component-camel:config:1.0" xmlns:jms="urn:switchyard-component-camel-jms:config:1.0" xmlns:sca="http://docs.oasis-open.org/ns/opencsa/sca/200912" xmlns:soap="urn:switchyard-component-soap:config:1.0" xmlns:transform="urn:switchyard-config:transform:1.0" name="lab3" targetNamespace="urn:lab3:1.0">
  <sca:composite name="lab3" targetNamespace="urn:lab3:1.0">
    <sca:component name="ProxyRoute">
      <camel:implementation.camel>
        <camel:xml path="route.xml"/>
      </camel:implementation.camel>
      <sca:service name="CreditService">
        <sca:interface.wsdl interface="CreditService.wsdl#wsdl.porttype(CreditServicePortType)"/>
      </sca:service>
      <sca:reference name="FancyCredit">
        <sca:interface.wsdl interface="FancyCredit.wsdl#wsdl.porttype(CreditWebService)"/>
      </sca:reference>
      <sca:reference name="IncomeFix">
        <sca:interface.wsdl interface="CreditService.wsdl#wsdl.porttype(CreditServicePortType)"/>
      </sca:reference>
    </sca:component>
    <sca:reference name="FancyCredit" multiplicity="0..1" promote="ProxyRoute/FancyCredit">
      <sca:interface.wsdl interface="FancyCredit.wsdl#wsdl.porttype(CreditWebService)"/>
      <soap:binding.soap>
        <soap:wsdl>FancyCredit.wsdl</soap:wsdl>
      </soap:binding.soap>
    </sca:reference>
    <sca:service name="CreditService" promote="ProxyRoute/CreditService">
      <sca:interface.wsdl interface="CreditService.wsdl#wsdl.porttype(CreditServicePortType)"/>
    </sca:service>
    <sca:component name="IncomeFixBean">
      <bean:implementation.bean class="mortgages.IncomeFixBean"/>
      <sca:service name="IncomeFix">
        <sca:interface.java interface="mortgages.IncomeAdjustment"/>
      </sca:service>
    </sca:component>
  </sca:composite>
  <transforms>
    <transform:transform.smooks from="java:mortgages.Applicant" to="{http://mortgages/}applicant" type="JAVA2XML" config="Applicant_XML.xml"/>
    <transform:transform.smooks from="{http://mortgages/}applicant" to="java:mortgages.Applicant" type="XML2JAVA" config="Applicant_XML.xml"/>
  </transforms>
  <domain>
    <handlers/>
  </domain>
</switchyard>