<!--
  ~ JBoss, Home of Professional Open Source
  ~ Copyright 2011 Red Hat Inc. and/or its affiliates and other contributors
  ~ as indicated by the @authors tag. All rights reserved.
  ~ See the copyright.txt in the distribution for a
  ~ full listing of individual contributors.
  ~
  ~ This copyrighted material is made available to anyone wishing to use,
  ~ modify, copy, or redistribute it subject to the terms and conditions
  ~ of the GNU Lesser General Public License, v. 2.1.
  ~ This program is distributed in the hope that it will be useful, but WITHOUT A
  ~ WARRANTY; without even the implied warranty of MERCHANTABILITY or FITNESS FOR A
  ~ PARTICULAR PURPOSE.  See the GNU Lesser General Public License for more details.
  ~ You should have received a copy of the GNU Lesser General Public License,
  ~ v.2.1 along with this distribution; if not, write to the Free Software
  ~ Foundation, Inc., 51 Franklin Street, Fifth Floor, Boston,
  ~ MA  02110-1301, USA.
  -->

<smooks-resource-list xmlns="http://www.milyn.org/xsd/smooks-1.1.xsd"
                      xmlns:core="http://www.milyn.org/xsd/smooks/smooks-core-1.4.xsd"
                      xmlns:jb="http://www.milyn.org/xsd/smooks/javabean-1.4.xsd">

    <core:namespaces>
        <core:namespace prefix="m" uri="http://mortgages/"/>
    </core:namespaces>

    <jb:bean beanId="applicant" class="mortgages.Applicant" createOnElement="/m:applicant">
           <jb:value property="age" data="/m:applicant/age"/>
           <jb:value property="name" data="/m:applicant/name"/>
           <jb:value property="creditScore" data="/m:applicant/creditScore"/>
           <jb:value property="approved" data="/m:applicant/approved"/>
           <jb:value property="loanAmount" data="/m:applicant/loanAmount"/>
           <jb:value property="income" data="/m:applicant/income"/>
    </jb:bean>

</smooks-resource-list>
